-- MySQL dump 10.13  Distrib 8.0.23, for Win64 (x86_64)
--
-- Host: localhost    Database: db_kardex
-- ------------------------------------------------------
-- Server version	8.0.23

/*!40101 SET @OLD_CHARACTER_SET_CLIENT=@@CHARACTER_SET_CLIENT */;
/*!40101 SET @OLD_CHARACTER_SET_RESULTS=@@CHARACTER_SET_RESULTS */;
/*!40101 SET @OLD_COLLATION_CONNECTION=@@COLLATION_CONNECTION */;
/*!50503 SET NAMES utf8 */;
/*!40103 SET @OLD_TIME_ZONE=@@TIME_ZONE */;
/*!40103 SET TIME_ZONE='+00:00' */;
/*!40014 SET @OLD_UNIQUE_CHECKS=@@UNIQUE_CHECKS, UNIQUE_CHECKS=0 */;
/*!40014 SET @OLD_FOREIGN_KEY_CHECKS=@@FOREIGN_KEY_CHECKS, FOREIGN_KEY_CHECKS=0 */;
/*!40101 SET @OLD_SQL_MODE=@@SQL_MODE, SQL_MODE='NO_AUTO_VALUE_ON_ZERO' */;
/*!40111 SET @OLD_SQL_NOTES=@@SQL_NOTES, SQL_NOTES=0 */;

--
-- Table structure for table `compra_detalle`
--

DROP TABLE IF EXISTS `compra_detalle`;
/*!40101 SET @saved_cs_client     = @@character_set_client */;
/*!50503 SET character_set_client = utf8mb4 */;
CREATE TABLE `compra_detalle` (
  `idCompra_detalle` bigint NOT NULL AUTO_INCREMENT,
  `idcompra` int DEFAULT NULL,
  `idproducto` int DEFAULT NULL,
  `cantidad` int DEFAULT NULL,
  `precio_costo_unitario` decimal(8,2) DEFAULT NULL,
  PRIMARY KEY (`idCompra_detalle`),
  KEY `idCompra_detalle` (`idCompra_detalle`),
  KEY `idcompra` (`idcompra`),
  KEY `idproducto` (`idproducto`),
  CONSTRAINT `compra_detalle_ibfk_1` FOREIGN KEY (`idcompra`) REFERENCES `compras` (`idcompra`),
  CONSTRAINT `compra_detalle_ibfk_2` FOREIGN KEY (`idproducto`) REFERENCES `productos` (`idProducto`)
) ENGINE=InnoDB AUTO_INCREMENT=6 DEFAULT CHARSET=utf8mb4 COLLATE=utf8mb4_0900_ai_ci;
/*!40101 SET character_set_client = @saved_cs_client */;

--
-- Dumping data for table `compra_detalle`
--

LOCK TABLES `compra_detalle` WRITE;
/*!40000 ALTER TABLE `compra_detalle` DISABLE KEYS */;
INSERT INTO `compra_detalle` VALUES (1,1,1,10,250.00),(2,2,2,25,300.00),(3,3,3,15,300.50),(4,4,4,11,150.00),(5,5,5,30,375.00);
/*!40000 ALTER TABLE `compra_detalle` ENABLE KEYS */;
UNLOCK TABLES;

--
-- Table structure for table `compras`
--

DROP TABLE IF EXISTS `compras`;
/*!40101 SET @saved_cs_client     = @@character_set_client */;
/*!50503 SET character_set_client = utf8mb4 */;
CREATE TABLE `compras` (
  `idcompra` int NOT NULL AUTO_INCREMENT,
  `no_orden_compra` int NOT NULL,
  `idproveedor` int NOT NULL,
  `fecha_orden` date NOT NULL,
  `fechaingreso` datetime NOT NULL,
  PRIMARY KEY (`idcompra`),
  KEY `idproveedor` (`idproveedor`),
  CONSTRAINT `compras_ibfk_1` FOREIGN KEY (`idproveedor`) REFERENCES `proveedores` (`idProveedores`)
) ENGINE=InnoDB AUTO_INCREMENT=6 DEFAULT CHARSET=utf8mb4 COLLATE=utf8mb4_0900_ai_ci;
/*!40101 SET character_set_client = @saved_cs_client */;

--
-- Dumping data for table `compras`
--

LOCK TABLES `compras` WRITE;
/*!40000 ALTER TABLE `compras` DISABLE KEYS */;
INSERT INTO `compras` VALUES (1,1,1,'2021-03-25','2021-03-17 17:00:00'),(2,2,2,'2021-03-23','2021-03-10 18:05:00'),(3,3,3,'2021-02-12','2021-02-12 01:14:00'),(4,4,4,'2021-01-10','2021-03-14 03:26:00'),(5,5,5,'2021-01-15','2021-02-12 05:58:00');
/*!40000 ALTER TABLE `compras` ENABLE KEYS */;
UNLOCK TABLES;

--
-- Table structure for table `marca`
--

DROP TABLE IF EXISTS `marca`;
/*!40101 SET @saved_cs_client     = @@character_set_client */;
/*!50503 SET character_set_client = utf8mb4 */;
CREATE TABLE `marca` (
  `idMarca` smallint NOT NULL AUTO_INCREMENT,
  `marca` varchar(50) DEFAULT NULL,
  PRIMARY KEY (`idMarca`),
  KEY `idMarca` (`idMarca`)
) ENGINE=InnoDB AUTO_INCREMENT=6 DEFAULT CHARSET=utf8mb4 COLLATE=utf8mb4_0900_ai_ci;
/*!40101 SET character_set_client = @saved_cs_client */;

--
-- Dumping data for table `marca`
--

LOCK TABLES `marca` WRITE;
/*!40000 ALTER TABLE `marca` DISABLE KEYS */;
INSERT INTO `marca` VALUES (1,'Gucci'),(2,'LeCleire'),(3,'LuisVuitton'),(4,'Zara'),(5,'KalvinClein');
/*!40000 ALTER TABLE `marca` ENABLE KEYS */;
UNLOCK TABLES;

--
-- Table structure for table `productos`
--

DROP TABLE IF EXISTS `productos`;
/*!40101 SET @saved_cs_client     = @@character_set_client */;
/*!50503 SET character_set_client = utf8mb4 */;
CREATE TABLE `productos` (
  `idProducto` int NOT NULL AUTO_INCREMENT,
  `producto` varchar(50) DEFAULT NULL,
  `idMarca` smallint DEFAULT NULL,
  `descripcion` varchar(100) DEFAULT NULL,
  `precio_costo` decimal(8,2) DEFAULT NULL,
  `precio_venta` decimal(8,2) DEFAULT NULL,
  PRIMARY KEY (`idProducto`),
  KEY `idProducto` (`idProducto`),
  KEY `idMarca` (`idMarca`),
  CONSTRAINT `productos_ibfk_1` FOREIGN KEY (`idMarca`) REFERENCES `marca` (`idMarca`)
) ENGINE=InnoDB AUTO_INCREMENT=6 DEFAULT CHARSET=utf8mb4 COLLATE=utf8mb4_0900_ai_ci;
/*!40101 SET character_set_client = @saved_cs_client */;

--
-- Dumping data for table `productos`
--

LOCK TABLES `productos` WRITE;
/*!40000 ALTER TABLE `productos` DISABLE KEYS */;
INSERT INTO `productos` VALUES (1,'Tennis',1,'Talla 7.5',200.00,250.00),(2,'Blusa',2,'Talla S',300.00,350.00),(3,'Pantalon',3,'Talla M',350.50,450.00),(4,'Cincho',4,'Talla S',150.00,200.00),(5,'Pantaloneta',5,'Talla M',300.00,375.00);
/*!40000 ALTER TABLE `productos` ENABLE KEYS */;
UNLOCK TABLES;

--
-- Table structure for table `proveedores`
--

DROP TABLE IF EXISTS `proveedores`;
/*!40101 SET @saved_cs_client     = @@character_set_client */;
/*!50503 SET character_set_client = utf8mb4 */;
CREATE TABLE `proveedores` (
  `idProveedores` int NOT NULL AUTO_INCREMENT,
  `proveedor` int NOT NULL,
  `nit` varchar(12) DEFAULT NULL,
  `direccion` varchar(80) DEFAULT NULL,
  `telefono` varchar(25) DEFAULT NULL,
  PRIMARY KEY (`idProveedores`),
  KEY `idProveedores` (`idProveedores`)
) ENGINE=InnoDB AUTO_INCREMENT=6 DEFAULT CHARSET=utf8mb4 COLLATE=utf8mb4_0900_ai_ci;
/*!40101 SET character_set_client = @saved_cs_client */;

--
-- Dumping data for table `proveedores`
--

LOCK TABLES `proveedores` WRITE;
/*!40000 ALTER TABLE `proveedores` DISABLE KEYS */;
INSERT INTO `proveedores` VALUES (1,100,'129014','Guatemala','32123421'),(2,200,'213416','Antigua','34532121'),(3,300,'213426','Mazatenango','23212323'),(4,400,'234305','Chimaltenango','89765453'),(5,500,'456525','Escuintla','98906535');
/*!40000 ALTER TABLE `proveedores` ENABLE KEYS */;
UNLOCK TABLES;
/*!40103 SET TIME_ZONE=@OLD_TIME_ZONE */;

/*!40101 SET SQL_MODE=@OLD_SQL_MODE */;
/*!40014 SET FOREIGN_KEY_CHECKS=@OLD_FOREIGN_KEY_CHECKS */;
/*!40014 SET UNIQUE_CHECKS=@OLD_UNIQUE_CHECKS */;
/*!40101 SET CHARACTER_SET_CLIENT=@OLD_CHARACTER_SET_CLIENT */;
/*!40101 SET CHARACTER_SET_RESULTS=@OLD_CHARACTER_SET_RESULTS */;
/*!40101 SET COLLATION_CONNECTION=@OLD_COLLATION_CONNECTION */;
/*!40111 SET SQL_NOTES=@OLD_SQL_NOTES */;

-- Dump completed on 2021-03-25 15:00:32
